audit_id	stratum	genre	orig_label	isocolon_score	unit1_text	unit2_text	yes_votes	no_votes	uncertain_votes	majority_is_isocolonic	majority_votes	majority_formal_parallelism	parallelism_votes	majority_rhetorically_relevant	rhetorically_relevant_votes	majority_comparison_or_coordination	comparison_or_coordination_votes	majority_bad_segmentation	bad_segmentation_votes	top_false_positive_flags
QA001	high_broad_non_narrow	essay	joint-list	1.0	Anything <*> occupies your attention.	Anything <*> occupies your attention.	0	4	0	no	4	strong	4	no	4	no	4	no	4	repetition:4
QA002	high_broad_non_narrow	vlog	joint-list	0.9518	You can use this on twist outs.	You can use this on braid outs.	4	0	0	yes	4	strong	4	yes	4	yes	4	no	4	
QA003	high_broad_non_narrow	speech	joint-list	0.9456	They made their case with intellect.	They made their case with evidence	4	0	0	yes	4	strong	4	yes	4	yes	4	no	4	
QA004	high_broad_non_narrow	podcast	joint-disjunction	0.9098	Somebody can manage to be a teacher.	Somebody can manage to be a cop.	4	0	0	yes	4	strong	4	yes	4	yes	4	no	4	
QA005	high_broad_non_narrow	textbook	joint-list	0.9081	“Matter tells spacetime how to curve;	spacetime tells matter how to move.”	4	0	0	yes	4	strong	4	yes	4	yes	4	no	4	template_or_quote:1
QA006	high_broad_non_narrow	proof	joint-list	0.9036	or: X ∩ S is non-empty	and X ∩ T is non-empty.	1	3	0	no	3	moderate/strong	2	no	3	yes	3	no	4	list_formatting:3; template_or_quote:1
QA007	high_broad_non_narrow	podcast	joint-disjunction	0.8977	Three days.	Four days.	0	2	2	no/uncertain	2	weak	2	no	3	yes	3	no	3	list_formatting:1; dialogue_formula:1
QA008	high_broad_non_narrow	conversation	joint-list	0.8972	I am the master of my fate,	I am the captain of my soul.	4	0	0	yes	4	strong	4	yes	4	yes	4	no	4	template_or_quote:1
QA009	high_broad_non_narrow	court	joint-list	0.8958	They'll talk about the party,	they'll talk about the crash,	4	0	0	yes	4	strong	4	yes	4	yes	4	no	4	
QA010	high_broad_non_narrow	speech	joint-list	0.8938	They're bringing drugs.	They're bringing crime.	4	0	0	yes	4	strong	4	yes	4	yes	4	no	4	
QA011	typical_broad_non_narrow	news	joint-list	0.428	who don't have access to legal advice	"and don't speak English."""	0	1	3	uncertain	3	weak	3	uncertain	3	yes	3	yes	2	
QA012	typical_broad_non_narrow	esports	joint-list	0.3874	Interesting load, that gold combat very early.	That's a very solid pickup	0	4	0	no	4	weak	3	no	4	no	4	no	4	dialogue_formula:1
QA013	typical_broad_non_narrow	whow	joint-list	0.3698	Both teams start from the edges	and attempt to obtain the quaffle and bludgers.	0	4	0	no	4	weak	3	no	4	uncertain/yes	2	no	3	list_formatting:1
QA014	typical_broad_non_narrow	academic	joint-list	0.3802	The state must protect property rights,	provide public services,	1	2	1	no	2	moderate	3	no	2	yes	4	no	4	list_formatting:2
QA015	typical_broad_non_narrow	voyage	joint-list	0.393	having not only aesthetic value,	but also acoustic.	2	0	2	uncertain/yes	2	moderate/weak	2	uncertain/yes	2	yes	4	no	3	template_or_quote:1
QA016	typical_broad_non_narrow	speech	joint-list	0.4077	The Master plan <*> will completely transform government processes, services and management,	and make information access and service delivery more efficient.	1	3	0	no	3	weak	3	no	3	uncertain/yes	2	no	4	
QA017	narrow_mixed	reddit	adversative-antithesis	0.3787	____ _____ ______ ___ __ _____ _______ ___ ____	___ ________ _____ __ _____ _______ ___ ___ __ _ ____________ ______	0	0	4	uncertain	4	none/weak	2	uncertain	4	uncertain	4	uncertain/yes	2	template_or_quote:1
QA018	narrow_mixed	textbook	adversative-antithesis	0.4928	knowing how to blink;	nobody has to teach us.	0	4	0	no	4	weak	3	no	4	no	4	no/yes	2	
QA019	narrow_mixed	textbook	adversative-antithesis	0.3804	The ultimate result of workers <*> is that society as a whole can produce and consume far more	than if each person tried to produce all of his or her own goods and services.	0	4	0	no	4	none/weak	2	no	3	yes	2	no	3	
QA020	narrow_mixed	court	adversative-antithesis	0.2094	and unlawfully forced T. W.'s remote appearance at trial by Zoom through an unmuted and video on connection,	despite T. W.'s request	0	4	0	no	4	none	4	no	4	no	4	yes	4	
QA021	narrow_mixed	podcast	adversative-contrast	0.5524	It's like our modern thing	but in a medieval way.	0	0	4	uncertain	4	moderate/weak	2	uncertain	4	yes	4	no	4	
QA022	narrow_mixed	whow	adversative-antithesis	0.4381	so it's often easiest to start the seeds indoors	instead of risking that they'll get damaged by frost.	0	4	0	no	4	weak	4	no	4	yes	2	no	4	
QA023	high_non_target	essay	elaboration-additional	1.0	stop.	Stop	0	4	0	no	4	strong	4	no	4	no	4	no	4	repetition:4
QA024	high_non_target	vlog	topic-question	0.95	Basil lime blackberry?	Blackberry basil lime.	0	3	1	no	3	moderate	4	no	3	no	4	no	4	dialogue_formula:3; repetition:2; list_formatting:1
QA025	high_non_target	whow	joint-sequence	0.9271	Getting the Material Right	Getting the Delivery Right	2	1	1	yes	2	strong	4	yes	2	yes	2	no	4	list_formatting:2
QA026	high_non_target	vlog	restatement-partial	0.925	No!	No?	0	4	0	no	4	strong	4	no	4	no	4	no	4	repetition:4; dialogue_formula:3
QA027	high_non_target	conversation	organization-phatic	0.8717	I'll —	I will.	0	4	0	no	4	weak	2	no	4	no	4	no	2	dialogue_formula:4; repetition:1
QA028	high_non_target	conversation	topic-question	0.8454	You ever do?	I only do	0	4	0	no	4	weak	2	no	4	no	4	no	4	dialogue_formula:4
QA029	high_non_target	letter	elaboration-additional	0.8417	Rajiva Wijesinha.	Secretary General	0	4	0	no	4	none	4	no	4	no	4	yes	3	template_or_quote:3; list_formatting:1
QA030	high_non_target	conversation	topic-question	0.8333	Did I make him aggressive?	Yeah, you made him aggressive,	0	4	0	no	4	moderate	4	no	4	no	4	no	4	dialogue_formula:4; repetition:2
QA031	restatement_high_control	conversation	restatement-repetition	1.0	Four.	Four.	0	4	0	no	4	strong	4	no	4	no	4	no	4	repetition:4; dialogue_formula:2
QA032	restatement_high_control	podcast	restatement-repetition	1.0	Neutron stars --	Neutron stars.	0	4	0	no	4	strong	4	no	4	no	4	no	4	repetition:4
QA033	restatement_high_control	vlog	restatement-repetition	1.0	Cheers!	Cheers!	0	4	0	no	4	strong	4	no	4	no	4	no	4	repetition:4; dialogue_formula:4
QA034	restatement_high_control	letter	restatement-repetition	1.0	Nelson Mandela	NELSON MANDELA	0	4	0	no	4	strong	4	no	4	no	4	no	4	repetition:4; template_or_quote:2
QA035	restatement_high_control	speech	restatement-repetition	1.0	Thank you.	Thank you.	0	4	0	no	4	strong	4	no	4	no	4	no	4	repetition:4; dialogue_formula:4
QA036	baseline_non_target	essay	context-circumstance	0.3332	that you exercise	before you leave your house in the morning	0	4	0	no	4	none	4	no	4	no	4	yes	3	
QA037	baseline_non_target	conversation	attribution-positive	0.2313	Jesus turned to his disciples,	you remember,	0	4	0	no	4	none	4	no	4	no	4	yes	4	dialogue_formula:1
QA038	baseline_non_target	academic	elaboration-additional	0.337	that our experimental approach, <*> was effective	in displacing the CoM	0	4	0	no	4	none	4	no	4	no	4	yes	4	
QA039	baseline_non_target	conversation	elaboration-attribute	0.2008	And finally, what do we call something	that's loose,	0	4	0	no	4	none	4	no	4	no	4	yes	4	
QA040	baseline_non_target	bio	adversative-concession	0.3369	Most prolific during the 1960s,	Moreau continued to appear in films into her 80s.	0	4	0	no	4	none/weak	2	no	4	no	4	no	3	
